CUST_ID,PURCHASES,SEGMENT
C10001,95.4," Petit Acheteur"
C10002,0," Petit Acheteur"
C10003,773.17," Acheteur Moyen "
C10004,1499," Acheteur Moyen "
C10005,16," Petit Acheteur"
C10006,1333.28," Acheteur Moyen "
C10007,7091.01,"Grand acheteur "
C10008,436.2," Petit Acheteur"
C10009,861.49," Acheteur Moyen "
C10010,1281.6," Acheteur Moyen "
C10011,920.12," Acheteur Moyen "
C10012,1492.18," Acheteur Moyen "
C10013,3217.99,"Grand acheteur "
C10014,2137.93,"Grand acheteur "
C10015,0," Petit Acheteur"
C10016,1611.7,"Grand acheteur "
C10017,0," Petit Acheteur"
C10018,519," Acheteur Moyen "
C10019,504.35," Acheteur Moyen "
C10020,398.64," Petit Acheteur"
C10021,176.68," Petit Acheteur"
C10022,6359.95,"Grand acheteur "
C10023,815.9," Acheteur Moyen "
C10024,4248.35,"Grand acheteur "
C10025,0," Petit Acheteur"
C10026,399.6," Petit Acheteur"
C10027,102," Petit Acheteur"
C10028,233.28," Petit Acheteur"
C10029,387.05," Petit Acheteur"
C10030,100," Petit Acheteur"
C10031,3038.01,"Grand acheteur "
C10032,1347.71," Acheteur Moyen "
C10033,324.95," Petit Acheteur"
C10034,636.79," Acheteur Moyen "
C10035,547.28," Acheteur Moyen "
C10036,0," Petit Acheteur"
C10037,0," Petit Acheteur"
C10038,2380.55,"Grand acheteur "
C10039,204," Petit Acheteur"
C10040,963.24," Acheteur Moyen "
C10041,0," Petit Acheteur"
C10043,1526.59,"Grand acheteur "
C10044,203.82," Petit Acheteur"
C10045,0," Petit Acheteur"
C10046,1525.44,"Grand acheteur "
C10047,437," Petit Acheteur"
C10048,109.74," Petit Acheteur"
C10049,0," Petit Acheteur"
C10050,2390.6,"Grand acheteur "
C10051,507.5," Acheteur Moyen "
C10052,901.42," Acheteur Moyen "
C10053,3107.85,"Grand acheteur "
C10054,0," Petit Acheteur"
C10055,1979.22,"Grand acheteur "
C10056,310," Petit Acheteur"
C10057,1283.9," Acheteur Moyen "
C10058,313.27," Petit Acheteur"
C10059,5217.62,"Grand acheteur "
C10060,0," Petit Acheteur"
C10061,229," Petit Acheteur"
C10062,113," Petit Acheteur"
C10063,66.2," Petit Acheteur"
C10064,0," Petit Acheteur"
C10065,840," Acheteur Moyen "
C10067,1887.64,"Grand acheteur "
C10068,412.33," Petit Acheteur"
C10069,0," Petit Acheteur"
C10070,0," Petit Acheteur"
C10071,263.5," Petit Acheteur"
C10072,1363.69," Acheteur Moyen "
C10073,419.1," Petit Acheteur"
C10074,4523.27,"Grand acheteur "
C10075,0," Petit Acheteur"
C10077,713.9," Acheteur Moyen "
C10078,791.94," Acheteur Moyen "
C10079,561.87," Acheteur Moyen "
C10080,606.11," Acheteur Moyen "
C10081,320," Petit Acheteur"
C10082,0," Petit Acheteur"
C10083,388.66," Petit Acheteur"
C10084,244.85," Petit Acheteur"
C10085,0," Petit Acheteur"
C10086,133.05," Petit Acheteur"
C10087,396," Petit Acheteur"
C10088,4915.6,"Grand acheteur "
C10089,1247.8," Acheteur Moyen "
C10090,1603.78,"Grand acheteur "
C10092,2258.01,"Grand acheteur "
C10093,45," Petit Acheteur"
C10094,0," Petit Acheteur"
C10095,5100.07,"Grand acheteur "
C10096,1032.04," Acheteur Moyen "
C10097,45.65," Petit Acheteur"
C10098,405.6," Petit Acheteur"
C10099,213.34," Petit Acheteur"
C10100,0," Petit Acheteur"
C10101,739.44," Acheteur Moyen "
C10102,0," Petit Acheteur"
C10103,79," Petit Acheteur"
C10104,0," Petit Acheteur"
C10105,20," Petit Acheteur"
C10106,1346.28," Acheteur Moyen "
C10107,2823.8,"Grand acheteur "
C10108,389.96," Petit Acheteur"
C10109,0," Petit Acheteur"
C10110,808," Acheteur Moyen "
C10111,941.64," Acheteur Moyen "
C10112,0," Petit Acheteur"
C10113,423.7," Petit Acheteur"
C10114,4478.75,"Grand acheteur "
C10115,1354.86," Acheteur Moyen "
C10116,0," Petit Acheteur"
C10117,2812.2,"Grand acheteur "
C10118,0," Petit Acheteur"
C10119,1508.9,"Grand acheteur "
C10120,1045.57," Acheteur Moyen "
C10121,2309.78,"Grand acheteur "
C10122,0," Petit Acheteur"
C10123,495," Petit Acheteur"
C10124,0," Petit Acheteur"
C10125,6724.26,"Grand acheteur "
C10126,1174.39," Acheteur Moyen "
C10127,5580.85,"Grand acheteur "
C10128,0," Petit Acheteur"
C10130,0," Petit Acheteur"
C10131,12462.44,"Grand acheteur "
C10132,0," Petit Acheteur"
C10133,1957.3,"Grand acheteur "
C10134,150.64," Petit Acheteur"
C10135,0," Petit Acheteur"
C10136,907," Acheteur Moyen "
C10137,1271.12," Acheteur Moyen "
C10138,250.6," Petit Acheteur"
C10139,796.33," Acheteur Moyen "
C10140,440," Petit Acheteur"
C10141,1330.62," Acheteur Moyen "
C10142,5491.79,"Grand acheteur "
C10143,897.86," Acheteur Moyen "
C10144,22009.92,"Grand acheteur "
C10145,720.6," Acheteur Moyen "
C10146,197.06," Petit Acheteur"
C10147,0," Petit Acheteur"
C10148,0," Petit Acheteur"
C10149,2084.48,"Grand acheteur "
C10150,5779.36,"Grand acheteur "
C10151,1025," Acheteur Moyen "
C10152,689.7," Acheteur Moyen "
C10153,28.65," Petit Acheteur"
C10154,944.96," Acheteur Moyen "
C10155,1039.2," Acheteur Moyen "
C10156,4059.93,"Grand acheteur "
C10157,4075.37,"Grand acheteur "
C10158,870.24," Acheteur Moyen "
C10159,9792.23,"Grand acheteur "
C10160,2463.12,"Grand acheteur "
C10161,1859.34,"Grand acheteur "
C10162,3488.49,"Grand acheteur "
C10163,0," Petit Acheteur"
C10164,7283.31,"Grand acheteur "
C10165,295," Petit Acheteur"
C10166,0," Petit Acheteur"
C10167,0," Petit Acheteur"
C10168,648.22," Acheteur Moyen "
C10169,557.19," Acheteur Moyen "
C10170,469.98," Petit Acheteur"
C10171,0," Petit Acheteur"
C10172,131.64," Petit Acheteur"
C10173,5078.14,"Grand acheteur "
C10174,924.6," Acheteur Moyen "
C10175,1975.4,"Grand acheteur "
C10176,0," Petit Acheteur"
C10177,10221.35,"Grand acheteur "
C10178,300," Petit Acheteur"
C10179,0," Petit Acheteur"
C10180,5715,"Grand acheteur "
C10181,0," Petit Acheteur"
C10182,766.61," Acheteur Moyen "
C10183,0," Petit Acheteur"
C10184,3535.8,"Grand acheteur "
C10185,256.11," Petit Acheteur"
C10186,2697.48,"Grand acheteur "
C10187,23," Petit Acheteur"
C10188,117," Petit Acheteur"
C10189,196.81," Petit Acheteur"
C10190,653.73," Acheteur Moyen "
C10191,2009.05,"Grand acheteur "
C10192,147.78," Petit Acheteur"
C10193,516.54," Acheteur Moyen "
C10194,969.56," Acheteur Moyen "
C10196,311.45," Petit Acheteur"
C10197,280.4," Petit Acheteur"
C10198,66.14," Petit Acheteur"
C10199,79.2," Petit Acheteur"
C10200,1453.32," Acheteur Moyen "
C10201,756.54," Acheteur Moyen "
C10202,3507.35,"Grand acheteur "
C10203,3163.69,"Grand acheteur "
C10204,1343.19," Acheteur Moyen "
C10205,873," Acheteur Moyen "
C10206,47.55," Petit Acheteur"
C10207,370," Petit Acheteur"
C10208,405.75," Petit Acheteur"
C10209,261.64," Petit Acheteur"
C10211,1989.28,"Grand acheteur "
C10212,10848.5,"Grand acheteur "
C10213,43.39," Petit Acheteur"
C10214,645.32," Acheteur Moyen "
C10215,987.1," Acheteur Moyen "
C10216,1464.14," Acheteur Moyen "
C10217,927," Acheteur Moyen "
C10218,393.62," Petit Acheteur"
C10219,965.5," Acheteur Moyen "
C10220,0," Petit Acheteur"
C10221,336.41," Petit Acheteur"
C10222,540," Acheteur Moyen "
C10223,36," Petit Acheteur"
C10224,878.52," Acheteur Moyen "
C10226,144.26," Petit Acheteur"
C10227,493.85," Petit Acheteur"
C10228,4490.69,"Grand acheteur "
C10229,11188.62,"Grand acheteur "
C10230,1829.2,"Grand acheteur "
C10231,75.99," Petit Acheteur"
C10232,1824.16,"Grand acheteur "
C10233,9325.22,"Grand acheteur "
C10234,100," Petit Acheteur"
C10235,1431.89," Acheteur Moyen "
C10236,2260.41,"Grand acheteur "
C10237,0," Petit Acheteur"
C10238,10410.49,"Grand acheteur "
C10239,990.7," Acheteur Moyen "
C10240,3034.92,"Grand acheteur "
C10241,1038.81," Acheteur Moyen "
C10242,45.65," Petit Acheteur"
C10243,2641.98,"Grand acheteur "
C10244,1189.52," Acheteur Moyen "
C10245,300," Petit Acheteur"
C10246,126.69," Petit Acheteur"
C10247,247.09," Petit Acheteur"
C10248,301.1," Petit Acheteur"
C10249,1112.2," Acheteur Moyen "
C10250,2410.07,"Grand acheteur "
C10251,5350.19,"Grand acheteur "
C10252,630.03," Acheteur Moyen "
C10253,3197.24,"Grand acheteur "
C10254,133," Petit Acheteur"
C10255,1646.16,"Grand acheteur "
C10256,79.66," Petit Acheteur"
C10257,319.92," Petit Acheteur"
C10258,3677.52,"Grand acheteur "
C10259,1041.63," Acheteur Moyen "
C10260,675.96," Acheteur Moyen "
C10261,193.14," Petit Acheteur"
C10262,1703.23,"Grand acheteur "
C10263,0," Petit Acheteur"
C10265,234.16," Petit Acheteur"
C10266,29.68," Petit Acheteur"
C10267,1322.67," Acheteur Moyen "
C10269,1607.88,"Grand acheteur "
C10270,0," Petit Acheteur"
C10271,3183,"Grand acheteur "
C10272,3014.23,"Grand acheteur "
C10273,7323.38,"Grand acheteur "
C10274,8533.54,"Grand acheteur "
C10275,408.93," Petit Acheteur"
C10276,3999.92,"Grand acheteur "
C10277,2980.46,"Grand acheteur "
C10278,560.73," Acheteur Moyen "
C10279,569.9," Acheteur Moyen "
C10280,6186.77,"Grand acheteur "
C10281,4550.81,"Grand acheteur "
C10282,150.8," Petit Acheteur"
C10283,1385.1," Acheteur Moyen "
C10284,32539.78,"Grand acheteur "
C10285,410.24," Petit Acheteur"
C10286,47.95," Petit Acheteur"
C10287,126.57," Petit Acheteur"
C10288,380.89," Petit Acheteur"
C10289,414," Petit Acheteur"
C10290,2010,"Grand acheteur "
C10291,4693.15,"Grand acheteur "
C10292,498.96," Petit Acheteur"
C10293,224.2," Petit Acheteur"
C10294,2856.57,"Grand acheteur "
C10295,0," Petit Acheteur"
C10296,0," Petit Acheteur"
C10297,0," Petit Acheteur"
C10298,409.63," Petit Acheteur"
C10299,843.34," Acheteur Moyen "
C10300,0," Petit Acheteur"
C10301,2236.49,"Grand acheteur "
C10302,464.51," Petit Acheteur"
C10303,1779,"Grand acheteur "
C10304,0," Petit Acheteur"
C10305,456.36," Petit Acheteur"
C10306,5758.71,"Grand acheteur "
C10307,245.98," Petit Acheteur"
C10308,0," Petit Acheteur"
C10309,733.9," Acheteur Moyen "
C10310,1641.07,"Grand acheteur "
C10311,674.73," Acheteur Moyen "
C10312,2702.47,"Grand acheteur "
C10313,0," Petit Acheteur"
C10314,1579.15,"Grand acheteur "
C10315,0," Petit Acheteur"
C10316,2161.38,"Grand acheteur "
C10317,1482.19," Acheteur Moyen "
C10318,1446.05," Acheteur Moyen "
C10319,0," Petit Acheteur"
C10320,397.06," Petit Acheteur"
C10321,498.17," Petit Acheteur"
C10322,2009.12,"Grand acheteur "
C10323,5359.02,"Grand acheteur "
C10324,0," Petit Acheteur"
C10325,0," Petit Acheteur"
C10326,0," Petit Acheteur"
C10327,0," Petit Acheteur"
C10328,126.2," Petit Acheteur"
C10329,225," Petit Acheteur"
C10330,734.97," Acheteur Moyen "
C10331,14.95," Petit Acheteur"
C10332,874.98," Acheteur Moyen "
C10333,0," Petit Acheteur"
C10334,445.2," Petit Acheteur"
C10335,0," Petit Acheteur"
C10336,689.34," Acheteur Moyen "
C10337,2006.87,"Grand acheteur "
C10338,678," Acheteur Moyen "
C10339,0.05," Petit Acheteur"
C10340,3085.69,"Grand acheteur "
C10341,0," Petit Acheteur"
C10342,1080," Acheteur Moyen "
C10343,2721.16,"Grand acheteur "
C10344,3095.96,"Grand acheteur "
C10345,0," Petit Acheteur"
C10346,71.07," Petit Acheteur"
C10347,65," Petit Acheteur"
C10348,4786.61,"Grand acheteur "
C10349,174.42," Petit Acheteur"
C10350,242.88," Petit Acheteur"
C10351,216.94," Petit Acheteur"
C10352,2246.3,"Grand acheteur "
C10353,361.73," Petit Acheteur"
C10354,330," Petit Acheteur"
C10355,2854.11,"Grand acheteur "
C10356,390," Petit Acheteur"
C10357,422.18," Petit Acheteur"
C10358,1005.52," Acheteur Moyen "
C10359,2132.93,"Grand acheteur "
C10360,284.72," Petit Acheteur"
C10361,0," Petit Acheteur"
C10362,3244.16,"Grand acheteur "
C10364,2490.17,"Grand acheteur "
C10365,1098.31," Acheteur Moyen "
C10366,636.15," Acheteur Moyen "
C10367,3018.93,"Grand acheteur "
C10368,1222.97," Acheteur Moyen "
C10369,110.18," Petit Acheteur"
C10370,0," Petit Acheteur"
C10371,0," Petit Acheteur"
C10372,983.77," Acheteur Moyen "
C10373,0," Petit Acheteur"
C10374,423.24," Petit Acheteur"
C10375,6079.5,"Grand acheteur "
C10376,439.38," Petit Acheteur"
C10377,1207.25," Acheteur Moyen "
C10378,259.13," Petit Acheteur"
C10379,1627.69,"Grand acheteur "
C10380,0," Petit Acheteur"
C10381,0," Petit Acheteur"
C10382,5749.96,"Grand acheteur "
C10383,1490.94," Acheteur Moyen "
C10384,0," Petit Acheteur"
C10385,5068.88,"Grand acheteur "
C10386,1067.28," Acheteur Moyen "
C10387,64.12," Petit Acheteur"
C10388,6855.59,"Grand acheteur "
C10389,1631,"Grand acheteur "
C10390,180.91," Petit Acheteur"
C10391,0," Petit Acheteur"
C10392,136.88," Petit Acheteur"
C10393,0," Petit Acheteur"
C10395,343.21," Petit Acheteur"
C10396,16.5," Petit Acheteur"
C10397,5708.18,"Grand acheteur "
C10398,42.3," Petit Acheteur"
C10399,46.67," Petit Acheteur"
C10400,0," Petit Acheteur"
C10402,699.12," Acheteur Moyen "
C10403,245.39," Petit Acheteur"
C10404,98," Petit Acheteur"
C10405,857.36," Acheteur Moyen "
C10406,2747.12,"Grand acheteur "
C10407,11147.33,"Grand acheteur "
C10408,600," Acheteur Moyen "
C10409,0," Petit Acheteur"
C10410,255.12," Petit Acheteur"
C10411,1221.53," Acheteur Moyen "
C10412,0," Petit Acheteur"
C10413,780.64," Acheteur Moyen "
C10414,1532.1,"Grand acheteur "
C10415,778.33," Acheteur Moyen "
C10416,964.06," Acheteur Moyen "
C10417,1667.13,"Grand acheteur "
C10419,0," Petit Acheteur"
C10420,1088.83," Acheteur Moyen "
C10421,648.64," Acheteur Moyen "
C10422,0," Petit Acheteur"
C10423,0," Petit Acheteur"
C10424,1897.92,"Grand acheteur "
C10425,0," Petit Acheteur"
C10426,1263.29," Acheteur Moyen "
C10427,200," Petit Acheteur"
C10428,340," Petit Acheteur"
C10429,1277.58," Acheteur Moyen "
C10430,4117.24,"Grand acheteur "
C10431,226.23," Petit Acheteur"
C10432,3970.8,"Grand acheteur "
C10433,1346.9," Acheteur Moyen "
C10434,1050.83," Acheteur Moyen "
C10435,1364.99," Acheteur Moyen "
C10436,0," Petit Acheteur"
C10437,0," Petit Acheteur"
C10438,7553.48,"Grand acheteur "
C10439,570.16," Acheteur Moyen "
C10441,566.28," Acheteur Moyen "
C10442,0," Petit Acheteur"
C10443,0," Petit Acheteur"
C10444,137.34," Petit Acheteur"
C10445,0," Petit Acheteur"
C10446,0," Petit Acheteur"
C10447,332.82," Petit Acheteur"
C10448,1377.72," Acheteur Moyen "
C10449,0," Petit Acheteur"
C10450,0," Petit Acheteur"
C10451,360.7," Petit Acheteur"
C10452,222.64," Petit Acheteur"
C10453,1634.74,"Grand acheteur "
C10454,0," Petit Acheteur"
C10455,759.15," Acheteur Moyen "
C10456,243.36," Petit Acheteur"
C10457,0," Petit Acheteur"
C10458,0," Petit Acheteur"
C10459,519," Acheteur Moyen "
C10460,3055.87,"Grand acheteur "
C10461,2470.4,"Grand acheteur "
C10462,1671.6,"Grand acheteur "
C10463,903.36," Acheteur Moyen "
C10466,0," Petit Acheteur"
C10467,229.5," Petit Acheteur"
C10468,1476.19," Acheteur Moyen "
C10469,2506.89,"Grand acheteur "
C10470,2570,"Grand acheteur "
C10471,238.34," Petit Acheteur"
C10472,1342.36," Acheteur Moyen "
C10473,786.32," Acheteur Moyen "
C10474,1450.68," Acheteur Moyen "
C10475,1239.46," Acheteur Moyen "
C10476,96.75," Petit Acheteur"
C10477,4106.15,"Grand acheteur "
C10478,2022.38,"Grand acheteur "
C10480,3654.08,"Grand acheteur "
C10481,883.73," Acheteur Moyen "
C10482,795.54," Acheteur Moyen "
C10483,0," Petit Acheteur"
C10484,0," Petit Acheteur"
C10485,1382.57," Acheteur Moyen "
C10486,565.5," Acheteur Moyen "
C10487,4462.86,"Grand acheteur "
C10488,1726.67,"Grand acheteur "
C10489,217," Petit Acheteur"
C10490,0," Petit Acheteur"
C10491,1748.73,"Grand acheteur "
C10492,0," Petit Acheteur"
C10493,50.98," Petit Acheteur"
C10494,378.04," Petit Acheteur"
C10495,1483.12," Acheteur Moyen "
C10497,6407.67,"Grand acheteur "
C10498,0," Petit Acheteur"
C10501,70," Petit Acheteur"
C10502,449.96," Petit Acheteur"
C10503,3355.33,"Grand acheteur "
C10504,0," Petit Acheteur"
C10505,0," Petit Acheteur"
C10506,3220.09,"Grand acheteur "
C10507,6558.55,"Grand acheteur "
C10508,0," Petit Acheteur"
C10509,4305.05,"Grand acheteur "
C10510,262.1," Petit Acheteur"
C10511,1626.83,"Grand acheteur "
C10512,3522.57,"Grand acheteur "
C10513,0," Petit Acheteur"
C10514,8194.05,"Grand acheteur "
C10515,1604.8,"Grand acheteur "
C10516,709.9," Acheteur Moyen "
C10517,174," Petit Acheteur"
C10518,0," Petit Acheteur"
C10519,0," Petit Acheteur"
C10520,913," Acheteur Moyen "
C10521,606.62," Acheteur Moyen "
C10522,1447.01," Acheteur Moyen "
C10523,41050.4,"Grand acheteur "
C10524,727.27," Acheteur Moyen "
C10525,1869.88,"Grand acheteur "
C10526,182.94," Petit Acheteur"
C10527,379.28," Petit Acheteur"
C10528,874.94," Acheteur Moyen "
C10529,26402.39,"Grand acheteur "
C10530,0," Petit Acheteur"
C10532,1752.15,"Grand acheteur "
C10533,400.41," Petit Acheteur"
C10534,13771.63,"Grand acheteur "
C10535,1172.68," Acheteur Moyen "
C10536,1653.6,"Grand acheteur "
C10537,4238.79,"Grand acheteur "
C10538,907.37," Acheteur Moyen "
C10539,0," Petit Acheteur"
C10540,0," Petit Acheteur"
C10542,569.34," Acheteur Moyen "
C10543,305.78," Petit Acheteur"
C10544,529.3," Acheteur Moyen "
C10545,2001.19,"Grand acheteur "
C10546,0," Petit Acheteur"
C10547,1020.47," Acheteur Moyen "
C10548,4754.32,"Grand acheteur "
C10549,0," Petit Acheteur"
C10550,331.95," Petit Acheteur"
C10551,1490," Acheteur Moyen "
C10552,558.28," Acheteur Moyen "
C10553,1477.44," Acheteur Moyen "
C10554,1051.1," Acheteur Moyen "
C10555,2242.26,"Grand acheteur "
C10556,179.24," Petit Acheteur"
C10557,972.65," Acheteur Moyen "
C10558,4620.34,"Grand acheteur "
C10559,1023.8," Acheteur Moyen "
C10560,6344.3,"Grand acheteur "
C10561,1549.61,"Grand acheteur "
C10562,734.11," Acheteur Moyen "
C10563,2274.21,"Grand acheteur "
C10564,1635.69,"Grand acheteur "
C10565,627.03," Acheteur Moyen "
C10566,55.5," Petit Acheteur"
C10567,277," Petit Acheteur"
C10568,7479.95,"Grand acheteur "
C10569,3937.59,"Grand acheteur "
C10570,6300.4,"Grand acheteur "
C10571,1856.64,"Grand acheteur "
C10572,4924.41,"Grand acheteur "
C10573,1308.11," Acheteur Moyen "
C10574,49039.57,"Grand acheteur "
C10575,4604.72,"Grand acheteur "
C10576,227.8," Petit Acheteur"
C10577,2327.49,"Grand acheteur "
C10578,1199," Acheteur Moyen "
C10579,1174.76," Acheteur Moyen "
C10580,0," Petit Acheteur"
C10581,469," Petit Acheteur"
C10582,0," Petit Acheteur"
C10583,133.39," Petit Acheteur"
C10584,10700.63,"Grand acheteur "
C10585,0," Petit Acheteur"
C10586,49.1," Petit Acheteur"
C10587,11313.77,"Grand acheteur "
C10588,0," Petit Acheteur"
C10589,3525.37,"Grand acheteur "
C10590,258.74," Petit Acheteur"
C10591,2448.6,"Grand acheteur "
C10592,293.99," Petit Acheteur"
C10593,709," Acheteur Moyen "
C10594,1628.07,"Grand acheteur "
C10595,0," Petit Acheteur"
C10596,0," Petit Acheteur"
C10597,165," Petit Acheteur"
C10598,11681.64,"Grand acheteur "
C10599,98.97," Petit Acheteur"
C10600,0," Petit Acheteur"
C10601,1142.15," Acheteur Moyen "
C10602,1494.5," Acheteur Moyen "
C10603,646.24," Acheteur Moyen "
C10604,0," Petit Acheteur"
C10605,3608.88,"Grand acheteur "
C10606,0," Petit Acheteur"
C10607,0," Petit Acheteur"
C10608,12465.21,"Grand acheteur "
C10609,7823.74,"Grand acheteur "
C10610,24.64," Petit Acheteur"
C10611,27957.68,"Grand acheteur "
C10612,372," Petit Acheteur"
C10613,1841.62,"Grand acheteur "
C10615,1678.07,"Grand acheteur "
C10616,11674.64,"Grand acheteur "
C10617,2094.38,"Grand acheteur "
C10618,0," Petit Acheteur"
C10619,411.38," Petit Acheteur"
C10620,99.19," Petit Acheteur"
C10621,525," Acheteur Moyen "
C10622,1956.06,"Grand acheteur "
C10623,1750.51,"Grand acheteur "
C10624,18.41," Petit Acheteur"
C10625,386.12," Petit Acheteur"
C10626,0," Petit Acheteur"
C10627,0," Petit Acheteur"
C10628,625.46," Acheteur Moyen "
C10629,963.13," Acheteur Moyen "
C10630,2011.81,"Grand acheteur "
C10631,99.5," Petit Acheteur"
C10632,1084.09," Acheteur Moyen "
C10633,207," Petit Acheteur"
C10634,1757.47,"Grand acheteur "
C10635,3837.59,"Grand acheteur "
C10636,117.57," Petit Acheteur"
C10637,1223.41," Acheteur Moyen "
C10638,1710.24,"Grand acheteur "
C10639,11.06," Petit Acheteur"
C10640,0," Petit Acheteur"
C10641,8273.18,"Grand acheteur "
C10642,619.93," Acheteur Moyen "
C10643,190," Petit Acheteur"
C10644,7680.08,"Grand acheteur "
C10645,9734.63,"Grand acheteur "
C10646,0," Petit Acheteur"
C10647,8403.17,"Grand acheteur "
C10648,118.6," Petit Acheteur"
C10649,11202.09,"Grand acheteur "
C10650,794.52," Acheteur Moyen "
C10651,1704.22,"Grand acheteur "
C10652,1044.43," Acheteur Moyen "
C10653,3651.59,"Grand acheteur "
C10654,6477.6,"Grand acheteur "
C10655,1025.03," Acheteur Moyen "
C10656,0," Petit Acheteur"
C10657,472.71," Petit Acheteur"
C10658,733.35," Acheteur Moyen "
C10659,3050.72,"Grand acheteur "
C10660,601.35," Acheteur Moyen "
C10661,0," Petit Acheteur"
C10662,0," Petit Acheteur"
C10663,0," Petit Acheteur"
C10665,1764.86,"Grand acheteur "
C10666,2352.2,"Grand acheteur "
C10667,0," Petit Acheteur"
C10668,3877.85,"Grand acheteur "
C10669,5958.17,"Grand acheteur "
C10670,5969.33,"Grand acheteur "
C10671,14604.87,"Grand acheteur "
C10672,433.63," Petit Acheteur"
C10673,2790.76,"Grand acheteur "
C10674,571.32," Acheteur Moyen "
C10675,0," Petit Acheteur"
C10676,281.25," Petit Acheteur"
C10677,1701.9,"Grand acheteur "
C10678,14332.92,"Grand acheteur "
C10679,490.6," Petit Acheteur"
C10680,0," Petit Acheteur"
C10681,8371.19,"Grand acheteur "
C10682,4552.44,"Grand acheteur "
C10683,202," Petit Acheteur"
C10684,6030.34,"Grand acheteur "
C10685,379.3," Petit Acheteur"
C10686,1877.24,"Grand acheteur "
C10688,3660.97,"Grand acheteur "
C10689,2281.56,"Grand acheteur "
C10690,45.65," Petit Acheteur"
C10691,1919.66,"Grand acheteur "
C10692,685.08," Acheteur Moyen "
C10693,362.13," Petit Acheteur"
C10694,80," Petit Acheteur"
C10695,3703.36,"Grand acheteur "
C10696,12650,"Grand acheteur "
C10697,228.35," Petit Acheteur"
C10698,0," Petit Acheteur"
C10699,1969.24,"Grand acheteur "
C10700,533.36," Acheteur Moyen "
C10701,0," Petit Acheteur"
C10702,1901.94,"Grand acheteur "
C10703,0," Petit Acheteur"
C10704,5601.54,"Grand acheteur "
C10705,162.56," Petit Acheteur"
C10706,66.32," Petit Acheteur"
C10707,19.9," Petit Acheteur"
C10708,362.36," Petit Acheteur"
C10709,818.02," Acheteur Moyen "
C10710,1286.2," Acheteur Moyen "
C10711,1800,"Grand acheteur "
C10712,0," Petit Acheteur"
C10713,1131.08," Acheteur Moyen "
C10714,83.35," Petit Acheteur"
C10715,342.07," Petit Acheteur"
C10716,2025,"Grand acheteur "
C10717,3548.64,"Grand acheteur "
C10718,1687.29,"Grand acheteur "
C10719,231.35," Petit Acheteur"
C10720,2427.26,"Grand acheteur "
C10721,579.28," Acheteur Moyen "
C10722,420.03," Petit Acheteur"
C10723,328.92," Petit Acheteur"
C10724,419.64," Petit Acheteur"
C10725,3267.03,"Grand acheteur "
C10726,294.13," Petit Acheteur"
C10727,0," Petit Acheteur"
C10728,0," Petit Acheteur"
C10729,0," Petit Acheteur"
C10730,171.92," Petit Acheteur"
C10731,2210.97,"Grand acheteur "
C10732,1229.57," Acheteur Moyen "
C10733,64," Petit Acheteur"
C10734,0," Petit Acheteur"
C10735,9670.84,"Grand acheteur "
C10736,7446.18,"Grand acheteur "
C10737,0," Petit Acheteur"
C10738,375.57," Petit Acheteur"
C10739,5228.36,"Grand acheteur "
C10740,291.65," Petit Acheteur"
C10741,1386.4," Acheteur Moyen "
C10742,1307.16," Acheteur Moyen "
C10743,0," Petit Acheteur"
C10744,77.99," Petit Acheteur"
C10745,861.79," Acheteur Moyen "
C10746,65," Petit Acheteur"
C10747,798.34," Acheteur Moyen "
C10748,0," Petit Acheteur"
C10749,32.22," Petit Acheteur"
C10750,404.24," Petit Acheteur"
C10751,0," Petit Acheteur"
C10752,8820.67,"Grand acheteur "
C10753,7590.08,"Grand acheteur "
C10754,0," Petit Acheteur"
C10755,1613.74,"Grand acheteur "
C10756,1214.74," Acheteur Moyen "
C10757,776.89," Acheteur Moyen "
C10758,0," Petit Acheteur"
C10759,0," Petit Acheteur"
C10760,4371.82,"Grand acheteur "
C10761,1648.53,"Grand acheteur "
C10762,0," Petit Acheteur"
C10763,24," Petit Acheteur"
C10764,1123.58," Acheteur Moyen "
C10765,571.91," Acheteur Moyen "
C10766,0," Petit Acheteur"
C10767,0," Petit Acheteur"
C10768,1080.11," Acheteur Moyen "
C10769,0," Petit Acheteur"
C10770,749.57," Acheteur Moyen "
C10771,0," Petit Acheteur"
C10772,880.19," Acheteur Moyen "
C10773,642.33," Acheteur Moyen "
C10774,890.2," Acheteur Moyen "
C10775,1798.24,"Grand acheteur "
C10776,2720.68,"Grand acheteur "
C10777,4139.56,"Grand acheteur "
C10779,1140," Acheteur Moyen "
C10780,169.28," Petit Acheteur"
C10781,0," Petit Acheteur"
C10782,183.7," Petit Acheteur"
C10783,0," Petit Acheteur"
C10784,1412.76," Acheteur Moyen "
C10785,0," Petit Acheteur"
C10786,1936.01,"Grand acheteur "
C10787,2486.1,"Grand acheteur "
C10788,0," Petit Acheteur"
C10789,796.56," Acheteur Moyen "
C10790,717.18," Acheteur Moyen "
C10791,0," Petit Acheteur"
C10792,782.88," Acheteur Moyen "
C10793,0," Petit Acheteur"
C10794,260," Petit Acheteur"
C10795,0," Petit Acheteur"
C10796,49.19," Petit Acheteur"
C10797,4021.29,"Grand acheteur "
C10798,503.45," Acheteur Moyen "
C10799,4430.17,"Grand acheteur "
C10800,933.5," Acheteur Moyen "
C10801,1163.93," Acheteur Moyen "
C10803,177.23," Petit Acheteur"
C10804,283.6," Petit Acheteur"
C10805,9796.28,"Grand acheteur "
C10806,2109.61,"Grand acheteur "
C10807,0," Petit Acheteur"
C10808,1326.3," Acheteur Moyen "
C10809,0," Petit Acheteur"
C10810,0," Petit Acheteur"
C10811,3407.69,"Grand acheteur "
C10812,1804.09,"Grand acheteur "
C10813,758.31," Acheteur Moyen "
C10814,121.5," Petit Acheteur"
C10815,0," Petit Acheteur"
C10816,90.39," Petit Acheteur"
C10817,0," Petit Acheteur"
C10818,0," Petit Acheteur"
C10819,749.3," Acheteur Moyen "
C10820,184.92," Petit Acheteur"
C10821,70," Petit Acheteur"
C10822,219.26," Petit Acheteur"
C10823,44.55," Petit Acheteur"
C10824,268.68," Petit Acheteur"
C10825,0," Petit Acheteur"
C10826,1876.8,"Grand acheteur "
C10827,455.76," Petit Acheteur"
C10828,520.5," Acheteur Moyen "
C10829,0," Petit Acheteur"
C10830,8519.02,"Grand acheteur "
C10831,0," Petit Acheteur"
C10832,0," Petit Acheteur"
C10833,777.04," Acheteur Moyen "
C10834,0," Petit Acheteur"
C10835,4504.25,"Grand acheteur "
C10836,2370.01,"Grand acheteur "
C10837,517.14," Acheteur Moyen "
C10838,806," Acheteur Moyen "
C10839,578.66," Acheteur Moyen "
C10840,8.4," Petit Acheteur"
C10841,173.69," Petit Acheteur"
C10843,74.98," Petit Acheteur"
C10844,60.24," Petit Acheteur"
C10845,1500," Acheteur Moyen "
C10846,2280.58,"Grand acheteur "
C10847,0," Petit Acheteur"
C10848,1152.83," Acheteur Moyen "
C10849,0," Petit Acheteur"
C10850,0," Petit Acheteur"
C10852,186.11," Petit Acheteur"
C10853,89.9," Petit Acheteur"
C10854,221.61," Petit Acheteur"
C10855,4768.27,"Grand acheteur "
C10856,86.7," Petit Acheteur"
C10857,1162.63," Acheteur Moyen "
C10858,977.38," Acheteur Moyen "
C10859,1497.82," Acheteur Moyen "
C10860,363," Petit Acheteur"
C10861,0," Petit Acheteur"
C10862,0," Petit Acheteur"
C10863,0," Petit Acheteur"
C10864,350," Petit Acheteur"
C10865,1488.8," Acheteur Moyen "
C10866,992.25," Acheteur Moyen "
C10867,1288.42," Acheteur Moyen "
C10868,1102.72," Acheteur Moyen "
C10869,536.68," Acheteur Moyen "
C10870,0," Petit Acheteur"
C10871,2163.12,"Grand acheteur "
C10872,0," Petit Acheteur"
C10873,5197.22,"Grand acheteur "
C10874,591.84," Acheteur Moyen "
C10875,1790.64,"Grand acheteur "
C10876,0," Petit Acheteur"
C10877,385," Petit Acheteur"
C10878,475," Petit Acheteur"
C10879,0," Petit Acheteur"
C10880,1366.3," Acheteur Moyen "
C10881,76.94," Petit Acheteur"
C10882,2126.7,"Grand acheteur "
C10883,100," Petit Acheteur"
C10884,0," Petit Acheteur"
C10885,12551.95,"Grand acheteur "
C10886,200," Petit Acheteur"
C10887,2190.95,"Grand acheteur "
C10888,2896.05,"Grand acheteur "
C10889,18.05," Petit Acheteur"
C10890,1990.81,"Grand acheteur "
C10891,199.88," Petit Acheteur"
C10892,4917.48,"Grand acheteur "
C10893,1325.27," Acheteur Moyen "
C10894,1448.59," Acheteur Moyen "
C10895,851.68," Acheteur Moyen "
C10896,0," Petit Acheteur"
C10897,463," Petit Acheteur"
C10898,769.34," Acheteur Moyen "
C10899,377.1," Petit Acheteur"
C10900,0," Petit Acheteur"
C10901,780.14," Acheteur Moyen "
C10902,3480.24,"Grand acheteur "
C10903,0," Petit Acheteur"
C10904,0," Petit Acheteur"
C10905,2493.67,"Grand acheteur "
C10906,324.3," Petit Acheteur"
C10907,444.96," Petit Acheteur"
C10908,150," Petit Acheteur"
C10909,250.32," Petit Acheteur"
C10910,0," Petit Acheteur"
C10911,89.66," Petit Acheteur"
C10912,299.04," Petit Acheteur"
C10913,1036.19," Acheteur Moyen "
C10914,0," Petit Acheteur"
C10915,5080.85,"Grand acheteur "
C10916,554.85," Acheteur Moyen "
C10917,5153.28,"Grand acheteur "
C10918,2617.85,"Grand acheteur "
C10919,716.98," Acheteur Moyen "
C10920,4193.91,"Grand acheteur "
C10921,965.84," Acheteur Moyen "
C10922,7597.09,"Grand acheteur "
C10923,0," Petit Acheteur"
C10924,360.3," Petit Acheteur"
C10925,1772.55,"Grand acheteur "
C10926,1850.31,"Grand acheteur "
C10927,84.65," Petit Acheteur"
C10928,223.5," Petit Acheteur"
C10929,407.86," Petit Acheteur"
C10930,315.48," Petit Acheteur"
C10931,0," Petit Acheteur"
C10932,312.69," Petit Acheteur"
C10933,1230.08," Acheteur Moyen "
C10934,0," Petit Acheteur"
C10935,0," Petit Acheteur"
C10936,701.44," Acheteur Moyen "
C10937,302," Petit Acheteur"
C10939,348.88," Petit Acheteur"
C10940,3393.25,"Grand acheteur "
C10941,205.89," Petit Acheteur"
C10942,0," Petit Acheteur"
C10943,209," Petit Acheteur"
C10944,1051.52," Acheteur Moyen "
C10945,253.37," Petit Acheteur"
C10946,202.72," Petit Acheteur"
C10947,27," Petit Acheteur"
C10949,6335.65,"Grand acheteur "
C10950,2457.48,"Grand acheteur "
C10951,26.62," Petit Acheteur"
C10952,4896.9,"Grand acheteur "
C10953,20.09," Petit Acheteur"
C10954,678," Acheteur Moyen "
C10955,0," Petit Acheteur"
C10956,1707.26,"Grand acheteur "
C10957,0," Petit Acheteur"
C10958,963.35," Acheteur Moyen "
C10959,2540.9,"Grand acheteur "
C10960,1478.36," Acheteur Moyen "
C10961,0," Petit Acheteur"
C10962,45.65," Petit Acheteur"
C10963,0," Petit Acheteur"
C10965,563.39," Acheteur Moyen "
C10966,974.3," Acheteur Moyen "
C10967,0," Petit Acheteur"
C10968,562.01," Acheteur Moyen "
C10969,53.8," Petit Acheteur"
C10970,1113.1," Acheteur Moyen "
C10971,0," Petit Acheteur"
C10972,7363.38,"Grand acheteur "
C10973,421.15," Petit Acheteur"
C10974,566.43," Acheteur Moyen "
C10975,17409.21,"Grand acheteur "
C10976,0," Petit Acheteur"
C10977,1177.64," Acheteur Moyen "
C10978,1009.44," Acheteur Moyen "
C10979,200," Petit Acheteur"
C10980,736.72," Acheteur Moyen "
C10981,158.37," Petit Acheteur"
C10982,0.01," Petit Acheteur"
C10983,516," Acheteur Moyen "
C10984,251.44," Petit Acheteur"
C10985,2110.98,"Grand acheteur "
C10986,3852.37,"Grand acheteur "
C10987,270," Petit Acheteur"
C10988,1238.12," Acheteur Moyen "
C10989,308.16," Petit Acheteur"
C10990,0," Petit Acheteur"
C10991,1817.84,"Grand acheteur "
C10992,1000," Acheteur Moyen "
C10993,0," Petit Acheteur"
C10994,3209.14,"Grand acheteur "
C10995,886.37," Acheteur Moyen "
C10996,0," Petit Acheteur"
C10997,455.72," Petit Acheteur"
C10998,749.9," Acheteur Moyen "
C10999,555," Acheteur Moyen "
C11000,1093.93," Acheteur Moyen "
C11001,1755.76,"Grand acheteur "
C11002,829.15," Acheteur Moyen "
C11003,541.68," Acheteur Moyen "
C11004,26582.34,"Grand acheteur "
C11005,1508.54,"Grand acheteur "
C11006,99," Petit Acheteur"
C11007,1534.98,"Grand acheteur "
C11008,76.3," Petit Acheteur"
C11009,3927.12,"Grand acheteur "
C11010,1486.31," Acheteur Moyen "
C11011,435.14," Petit Acheteur"
C11012,280.35," Petit Acheteur"
C11013,367.94," Petit Acheteur"
C11014,182," Petit Acheteur"
C11015,1682.06,"Grand acheteur "
C11016,3070.45,"Grand acheteur "
C11017,34," Petit Acheteur"
C11018,490.21," Petit Acheteur"
C11019,2197.21,"Grand acheteur "
C11020,170," Petit Acheteur"
C11021,36," Petit Acheteur"
C11022,1806.97,"Grand acheteur "
C11023,0," Petit Acheteur"
C11024,2612.1,"Grand acheteur "
C11025,1188.78," Acheteur Moyen "
C11026,0," Petit Acheteur"
C11027,735.09," Acheteur Moyen "
C11028,1533.28,"Grand acheteur "
C11029,443.99," Petit Acheteur"
C11030,96.62," Petit Acheteur"
C11031,0," Petit Acheteur"
C11032,160.92," Petit Acheteur"
C11033,937.96," Acheteur Moyen "
